Serie di Fourier - descrizione | Un segnale che ha una durata finita può essere gestito immaginando semplicemente che esso ripeta infinite volte l'intero schema (intervallo T e 2T è identico all'intervallo 0 a T). È possibile quindi rappresentare i segnali tramite funzioni, le quali permettono un'analisi e una modellazione più efficace. La Serie di Fourier non è altro che la scomposizione di un segnale in componenti sinusoidali (possibilmente infiniti). Su questo teorema si basano le reti e il passaggio dei dati tramite i mezzi di trasmissione; purtroppo nella pratica i mezzi di trasmissione attenuano in modo non uniforme i componenti della serie di Fourier, generando così una distorsione. Per ovviare a questa distorsione, le ampiezze fino ad una certa frequenza vengono trasmesse senza modifiche, da quella frequenza in poi vengono attenuate. L'intervallo di frequenze trasmesse senza una forte attenuazione è chiamato Banda Passante. Generalmente nella realtà viene indicata la banda passante compresa tra 0 e la frequenza dove la potenza è attenuata del 50%.
Serie di Fourier - pregi | Un pregio sicuramente è il fatto che scomporre un segnale in più componenti permette uno studio più preciso del segnale.
Serie di Fourier - difetti | --
Serie di Fourier - ambiti d'uso | Viene ampiamente usata nelle comunicazioni in generale, per la trasmissione dei dati, la scomposizione del segnale in più sinusoidi migliora la comprensione delle onde. Si passerà poi alle varie modulazioni per ovviare ai problemi dovuti alle attenuazioni o alle distorsioni.
Bitrate e Baudrate - descrizione | Il Bitrate è la quantità di informazioni digitali che è trasferita o registrata nell'unità di tempo. Stiamo parlando quindi di velocità di trasmissione, espressa in bit/s. La velocità di trasmissione è anche detta Banda e dipende dal tipo di mezzo trasmissivo utilizzato e dalle sue condizioni fisiche al momento dell'uso. Il Baudrate invece rappresenta il numero di simboli che viene trasmesso in un secondo. Non va confusa con il sopracitato bitrate in quanto misurano unità differenti; infatti ad un simbolo corrisponde un numero di bit differente in base alle tecniche di modulazione utilizzate.
Bitrate e Baudrate - pregi | Grazie a queste unità di misura è possibile dare una rappresentazione quantitativa della velocità di trasmissione del mezzo.
Bitrate e Baudrate - difetti | --
Bitrate e Baudrate - ambiti d'uso | Queste metriche vengono utilizzate nelle reti wireless e cablate.
```
Doppino - descrizione|È un cavo composto da due conduttori di rame isolati, spessi circa 1mm e avvolti uno intorno all'altro in una forma elicoidale. L'intreccio è utile per annullare i campi elettromagnetici generati dai due conduttori, i quali si annullano a vicenda. Esistono diverse varietà di doppini, i più importanti per le telecomunicazioni sono gli UTP3 e UTP5 (UTP= Unshielded Twisted Pair, doppini non schermati). Le differenze tra i doppini di categoria 3 e categoria 5 sta nel numero di spire per centimetro: minor numero di spire per cm negli UTP3 e maggiore negli UTP5. Un maggior numero di spire permette di migliorare la qualità del segnale trasmesso su lunghe distanze, a scapito però della quantità di materiale necessario. Esistono anche categorie superiori, i quali gestiscono segnali con banda più ampia. I doppini si possono utilizzare per trasmettere segnali analogici e digitali, l'ampiezza di banda dipende dal diametro del cavo e dalla distanza percorsa.
Doppino - pregi|Costano poco e hanno un discreta velocità trasmissiva.
Doppino - difetti|L'ampiezza di banda fornita non è tra le migliori e sono vulnerabili ai campi elettromagnetici.
Doppino - ambiti d'uso|Vengono utilizzati prevalentemente nel sistema telefonico.
Cavo coassiale - descrizione|È un cavo composto da un nucleo conduttore coperto da un rivestimento isolante, a sua volta circondato da un conduttore cilindrico, solitamente realizzato con una calza di conduttori sottili, che infine è avvolto da una guaina protettiva di plastica. La costruzione e la schermatura del cavo coassiale forniscono ampiezza di banda ed eccellente immunità al rumore. Ne esistono di due tipi, a 50Ω per le trasmissioni digitali e a 75Ω per quelle analogiche; non c'è una motivazione tecnica per questa distinzione. la banda disponibile dipende dalla qualità, dalla lunghezza del cavo e dal rapporto segnale-rumore del segnale dati. Per molti ambiti il cavo coassiale è stato sostituito dalla fibra ottica per i tratti più lunghi.
Cavo coassiale - pregi|Hanno un'isolamento quasi totale dai campi elettromagnetici grazie ai vari rivestimenti isolanti.
Cavo coassiale - difetti|Su grandi tratti non sono molto efficienti in termini di banda, vengono infatti sostituiti dalla fibra ottica in quei casi.
Cavo coassiale - ambiti d'uso|Il cavo coassiale è molto utilizzato per le reti metropolitane e le televisioni via cavo.
Fibra ottica - descrizione|Un sistema di trasmissione ottico è formato da: sorgente luminosa, mezzo di trasmissione e rilevatore. I cavi in fibra ottica sono il mezzo di trasmissione di questo sistema, che si basa su segnali luminosi invece che elettrici. La fibra ottica è formata da un nucleo (core) di vetro, attraverso il quale si propaga la luce, ha uno spessore di 50 micron per le fibre multimodali mentre dagli 8 ai 10 micron per quelle monomodali. Il nucleo è avvolto da un rivestimento di vetro (cladding) che ha un indice di rifrazione più basso; ciò costringe la luce a rimanere nel nucleo. L'ultimo strato è formato da plastica e serve a proteggere il rivestimento. Generalmente le fibre sono raggruppate in fasci, protetti da un'ulteriore guaina più esterna. Esistono due tipi di fibra, la monomodale e la multimodale. La monomodale è più costosa e utilizzata soprattutto per le lunghe distanze, in cui la luce può propagarsi solo in linea retta senza rimbalzare. Nella multimodale invece può contenere più raggi che rimbalzano ad angoli diversi, in questo caso si dice che ogni raggio ha una modalità diversa, da qui il nome multimodale. Le fibre si possono collegare in diversi modi: tramite connettori in apposite prese, perdono il 10-20% di luce ma semplificano la riconfigurazione dei sistemi; attaccate meccanicamente, tramite una manichetta speciale viene pinzato, viene poi allineato in modo da massimizzare il segnale, perdita del 10%; fusione delle due parti, genera una piccola attenuazione.
Fibra ottica - pregi|Rispetto al cavo in rame classico, la fibra apporta diversi vantaggi: Maggiore ampiezza di banda. I ripetitori possono essere installati ogni 50km rispetto ai 5km dei cavi in rame, con un evidente risparmio. Non è influenzata da sorgenti elettriche, dai campi elettromagnetici e dalle interruzioni della linea elettrica, la fibra è adatta anche agli ambienti più inospitali. La fibra è sottile e leggera, occupando meno spazio permette alle aziende telefoniche di svuotare i condotti ormai saturi di cavi. Le fibre non perdono la luce ed è difficile intercettare i dati, questo le rendono molto più sicure rispetto ai cavi in rame.
Fibra ottica - difetti|Tecnologia meno nota, richiede conoscenze che non tutti gli ingegneri possiedono. Si può danneggiare se la si piega troppo. La trasmissione è unidirezionale, di conseguenza, per avere una comunicazione bidirezionale è richiesta una doppia fibra o due bande di frequenza in una sola. Le interfacce per la fibra ottica costano di più di quelle elettriche.
Fibra ottica - ambiti d'uso|La fibra è molto utilizzata nelle MAN e nei sistemi di trasmissioni a lunga distanza.
```
```csv
Caratteristiche e confronto tra i vari tipi di satellite: GEO, MEO e LEO - descrizione | Un satellite di comunicazioni può essere immaginato come un grande ripetitore di microonde posto nel cielo. Questo dispositivo contiene diversi transponder, ossia ricetrasmettitori satellitari, i quali ascoltano una parte dello spettro, amplificano il segnale e lo ritrasmettono su altre frequenze per evitare interferenze.
Caratteristiche e confronto tra i vari tipi di satellite: GEO, MEO e LEO - pregi | Sono di facile utilizzo, basta alzare un'antenna sul tetto di casa per ottenere una maggior ampiezza di banda. Sono importanti per la connessione mobile. Trovano applicazione per portare connessione in terreni inospitali o scarsamente dotati di infrastrutture.
Caratteristiche e confronto tra i vari tipi di satellite: GEO, MEO e LEO - difetti | Le fibre ottiche per molti versi sono più comode e versatili rispetto ai satelliti, in quanto la loro velocità è di gran lunga superiore. Un sistema di satelliti è più costoso (?) rispetto alla fibra ottica.
Caratteristiche e confronto tra i vari tipi di satellite: GEO, MEO e LEO - ambiti di utilizzo | Trovano applicazione in luoghi inospitali e privi di infrastrutture, trovano applicazione nelle trasmissioni broadcast e nelle comunicazioni mobile, dove quindi la fibra fatica ad arrivare.
```
Modulazione di frequenza - descrizione | La modulazione in frequenza non è altro che una tecnica di trasmissione utilizzata per trasmettere informazioni usando la variazione di frequenza dell'onda portante. Rispetto alla modulazione in ampiezza ha il vantaggio di essere molto meno sensibile ai disturbi e permette una trasmissione di miglior qualità. Ha inoltre un'efficienza energetica molto maggiore dato che la potenza del segnale modulato FM è esclusivamente quello della portante.  
Modulazione di frequenza - pregi | Permette di ridurre i problemi di attenuazione e distorsione della linea.  
Modulazione di frequenza - difetti | Necessita di circuiti complessi sia per la generazione del segnale sia per la sua ricezione. Questi problemi sono stati superati dalle attuali tecnologie.  
Modulazione di frequenza - ambiti d'uso | Viene utilizzata soprattutto in ambito di broadcasting commerciale, è più usata della modulazione in ampiezza.  
Delta modulation - descrizione | Nel campo della digitalizzazione dei segnali analogici in ambito telefonico, sono presenti varie tecniche. Una di queste e' la delta modulation: un metodo di digitalizzazione e compressione di un segnale analogico. E' una variazione del differential pulse code modulation: il segnale analogico viene suddiviso in tramite unita' di tempo, e successivamente viene digitalizzato tramite la differenza di valore tra il valore precedente e quello successivo, questo tramite una scala di +-16 che viene espressa tramite 5 bit. La delta modulation si basa su questo principio, ma viene ridotto alla variazione rappresentata da 1 bit: se il segnale successivo e' piu' alto di quello precedente allora viene rappresentato da 1, altrimenti 0. Si basa sul fatto che il segnale cambia in modo relativamente lento rispetto alla frequenza di campionamento, ciò rende gran parte dell'informazione ridondante. Se il cambiamento del segnale analogico e' troppo ampio, si ha una perdita di dati, ma in ambito telefonico (piu' precisamente nelle chiamate), questo non e' un problema.
Delta modulation - pregi | Grazie a questa tecnica è possibile comprimere e digitalizzare il segnale analogico (e viceversa), con il risultato di gravare meno sulle linee e permettere comunicazioni più veloci (a discapito della precisione).
Delta modulation - difetti | Si possono creare problemi se il segnale cambia troppo velocemente perche' si perdono i dati.
Delta modulation - ambiti d'uso | Viene utilizzata nelle comunicazioni satellitari o nelle comunicazioni voce.
GSM - descrizione | Il GSM tratta dei telefoni della seconda generazione: voce digitale. La sua struttura è formata da 4 tipi di celle: macro, micro, pico e umbrella. Le macro sono le più grandi, con un raggio massimo di 35 km, mentre le pico sono molto piccole, usate in aree molto dense, tipicamente indoor. Utilizza multiplexing a divisione di frequenza e di tempo, supporta otto connessioni separate mediante multiplexing a divisione di tempo. Introduce l'uso della SIM card per l'autenticazione e autorizzazione alla rete.
GSM - pregi | Interoperabilità tra reti diverse che fanno capo ad un unico standard internazionale. Introduzione della comunicazione di tipo digitale.
GSM - difetti | --
GSM - ambiti di utilizzo | È utilizzato nella seconda generazione di telefoni cellulari, è il sistema più diffuso al mondo.
CDMA - descrizione | Il CDMA tratta dei telefoni della seconda generazione: voce digitale. D-AMPS e GSM sono sistemi che utilizzano FDM e TDM per dividere lo spettro in canali e i canali in slot temporali. CDMA invece di dividere l'intero intervallo di frequenze assegnate in poche centinaia di canali a banda stretta, permette ad ogni stazione di trasmettere per tutto il tempo attraverso l'intero spettro di frequenza. Trasmissioni multiple simultanee sono separate usando la teoria della codifica. La capacità del CDMA è di riuscire a estrarre il segnale desiderato scartando tutto il resto.
CDMA - pregi | Grazie alla maggiore efficienza spettrale, il CDMA garantisce una maggior velocità di trasmissione dati. Provvede inoltre a garantire una maggior sicurezza rispetto ai predecessori, in quanto la demultiplazione è fattibile solo grazie alla conoscenza delle parole di codice.
CDMA - difetti | --
CDMA - ambiti di utilizzo | Viene utilizzata nei telefoni di seconda generazione, come alternativa a D-AMPS e GSM.
Il GPRS - descrizione | GPRS è un'evoluzione tra la seconda e la terza generazione di telefoni cellulari. È una rete a pacchetti costruita sopra D-AMPS e GSM. Questa permette alle stazioni mobili di inviare e ricevere pacchetti IP in una cella basata su un sistema vocale. Quando GPRS è operativo vengono riservate alcuni slot temporali posti su alcune frequenze, per il traffico di pacchetti. Gli slot disponibili sono divisi in canali logici, la stazione base determina l'associazione tra i canali logici e time slot. Un canale logico è usato per scaricare i pacchetti dalla stazione base nella stazione mobile e ogni pacchetto indica il destinatario. Per inviare un pacchetto IP, una stazione mobile chiede uno o più slot inviando una richiesta alla stazione base. Se la richiesta arriva senza problemi, la stazione comunica all'apparecchio mobile la frequenza e gli slot che dovrà utilizzare per trasmettere il pacchetto. Una volta arrivato alla stazione base, il pacchetto è trasferito su Internet attraverso una connessione via cavo.
Il GPRS - pregi | Lo spreco di banda è inesistente, e viene utilizzata una tariffa a traffico e non a tempo come i suoi predecessori. GPRS aggiunge il supporto a PPP e IP.
Il GPRS - difetti | --
Il GPRS - ambiti d'uso | È una tecnologia a cavallo tra la seconda generazione e la terza generazione di telefoni cellulari. Viene utlizzata per scambi di pacchetti dati tramite celle basate su sistemi vocali.
Handoff - descrizione | Nell'ambito della telefonia mobile, con “Handoff” si intende la procedura per la quale un terminale cambia il canale (frequenza e slot di tempo) che sta utilizzando durante una comunicazione.  
Handoff - pregi | Il soft handoff è più performante in quanto non si perde continuità di chiamata. L'hard handoff non necessita che il dispositivo sia in grado di gestire più frequenze contemporaneamente.  
Handoff - difetti | Il soft handoff richiede che il dispositivo sia in grado di gestire più frequenze contemporaneamente. L'hard handoff può causare la caduta di linea con la conseguente perdita di chiamata nel caso in cui una cella non sia in grado di prendere il dispositivo in un lasso di tempo breve.  
Handoff - ambiti di utilizzo | Questa tecnica viene utilizzata dai dispositivi mobili (cellulari appunto, che sfruttano le celle). Il soft handoff può essere utilizzato dai telefoni di generazione superiore alla seconda, mentre l'hard handoff da tutti.  
```csv
FDM - descrizione|è una tecnica di condivisione delle risorse trasmissive di un canale di comunicazione. L'intero canale trasmissivo disponibile è diviso in sotto canali, ognuno costituito da una banda di frequenza e separato da un altro grazie ad un piccolo intervallo di guardia. Questo permette la condivisione dello stesso canale da parte di dispositivi che utilizzano diverse regioni di frequenze e utenti che possono così comunicare contemporaneamente senza interferirsi tra loro.
FDM - pregi|Permette di condividere un intero canale da più utenti, suddividendo le conversazioni in base alle diverse frequenze.
FDM - difetti|Gli intervalli di guardia potrebbero essere uno spreco di banda utilizzato unicamente per la sicurezza.
FDM - ambiti d'uso|Questa tecnica è comunemente utilizzata nelle trasmissioni televisive, radiofoniche, telefoniche o di dati. Anche le reti cellulari utilizzano in parte questo tipo di multiplazione per suddividere e assegnare l'intera capacità trasmissiva o banda radio disponibile alle varie celle di copertura servite da stazioni radio base.
TDM - descrizione|è una tecnica di condivisione di un canale di comunicazione secondo la quale ogni dispositivo ricetrasmittente ottiene a turno l'uso esclusivo dello stesso per un breve lasso di tempo. Il tempo di utilizzo del canale è diviso in frame tutti della stessa durata, questi frame sono ulteriormente divisi in slot.
TDM - pregi|Più efficiente del FDM in quanto elimina la necessità degli intervalli di guardia.
TDM - difetti|Necessita di un circuito di sincronizzazione temporale in ricezione per l'estrazione del time-slot di competenza.
TDM - ambiti d'uso|Utilizzata per le trasmissioni di fonia nella rete telefonica. Questo tipo di multiplazione è utilizzata molto nei sistemi a commutazione di circuito.
CDM - descrizione|Conosciuta anche come CDMA è il protocollo di accesso multiplo a canale condiviso. Offre una maggiore velocità di trasmissione di dati rispetto a TDM e FDM. Questa tecnica è realizzata moltiplicando in trasmissione l'informazione generata per un'opportuna parola detta chip; la sequenza in uscita dal moltiplicatore sarà successivamente modulata e infine trasmessa sul canale. In ricezione il segnale ricevuto sarà costituito dalla somma vettoriale di tutti i segnali trasmessi dalle singole stazioni. Grazie all'ortogonalità dei chip delle sorgenti, l'estrazione dell'informazione associata a ciascuna sorgente potrà essere fatta moltiplicando il segnale ricevuto con il particolare codice associato alla determinata sorgente che si vuole estrarre.
CDM - pregi|Rispetto a TDM e FDM, CDM garantisce una miglior efficienza dovuta al fatto che ciascun canale utilizza l'intera banda di frequenza assegnata e per tutto il tempo che desidera. La non-interferenza è assicurata grazie all'uso di codici ortogonali. Provvede inoltre a fornire una maggior sicurezza dovuta al fatto che i segnali si mescolano nel canale e per estrarne uno è necessario conoscere la parola corretta.
CDM - difetti|Necessita di circuiti più complessi rispetto alle altre tecniche di condivisione di un canale.
CDM - ambiti d'uso|è il protocollo più diffuso nelle reti wireless e nei dispositivi mobili di seconda generazione e successive.
```
QAM e QAM16 - descrizione | QAM è un sistema di modulazione numerica di ampiezza in quadratura, sia digitale che analogica. Le portanti sono sinusoidi. Il termine quadratura indica che differiscono di 90 gradi. Il segnale in ingresso viene suddiviso e modulato per l'ampiezza. Nel caso di segnali digitali, si sommano i segnali modulati e si ottiene una forma d'onda che risulta una combinazione della modulazione di fase e quella d'ampiezza. Ciascun tipo di modulazione QAM è caratterizzato da un diagramma (costellazione) su cui sono rappresentati tutti gli stati della portante. La QAM, rispetto alla PSK (Phase shift keying), migliora l'immunità al rumore. QAM16 non è altro che un tipo di costellazione del QAM, utilizzando quattro ampiezze e quattro fasi, per un totale di 16 diverse combinazioni. Ogni modem ad alta velocità ha un suo schema di costellazione e può comunicare solo con altri modem che adottano lo stesso schema (anche se generalmente un modem riesce a emulare anche quelli più lenti).
QAM e QAM16 - pregi | Permettono di inviare più bit per baud (simbolo), rispetto alle normali modulazioni.
QAM e QAM16 - difetti | Ogni modem ha un suo schema a costellazione e può comunicare solamente con altri modem che adottano lo stesso schema. Questo problema è però in parte ovviato in quanto la maggior parte dei modem è in grado di emulare costellazioni più lente.
QAM e QAM16 - ambiti di utilizzo | Facente parte dello strato fisico, questo tipo di modulazione è utilizzato come standard per modem telefonici.
Byte Stuffing - descrizione | Il byte stuffing prevede l'uso di un flag per delimitare l'inizio e la fine dei frame. In questo modo quando il destinatario perde la sincronizzazione può cercare il flag byte per trovare la fine del frame corrente. Due flag byte consecutivi indicano la fine di un frame e l'inizio del successivo. Un problema occorre quando vengono spediti dati che per potrebbero replicare il byte FLAG. A questo problema e' stata utilizzata l'implementazione del byte ESC, che precede una occorrenza “accidentale” del byte di FLAG o ESC (in pratica il flag ESC dice di ignorare il successivo byte e prenderlo come byte dati). Successivamente lo strato data link della destinazione provvederà a rimuovere i byte di escape prima di passare i dati allo strato network.
Byte Stuffing - pregi | Permette una suddivisione di bit in frame tramite l'uso di flag byte, inoltre risolve il problema della sincronia dei frame, grazie ai flag byte che li delimitano.
Byte Stuffing - difetti | Legato all'uso di caratteri da 8 bit (1Byte): non tutte le codifiche dei caratteri li usano. Per effettuare lo stuffing la quantità di caratteri superflui è notevole. Per risolvere questi problemi è stato creato il bit stuffing.
Byte Stuffing - ambiti di utilizzo | Metodo di framing dello strato Data-Link, viene utilizzato in prevalenza dal protocollo PPP per suddividere il flusso di bit in frame.
Bit stuffing - descrizione | Per risolvere i problemi e le limitazioni provocate dal byte stuffing, viene sviluppata una nuova tecnica di framing, che prende il nome di bit stuffing, questa nuova tecnica permette di creare data frame che contengono sia un numero arbitrario di frame, sia codifiche di carattere con un numero arbitrario di bit. Ogni frame comincia e finisce con un gruppo speciale di bit "0111110" (flag byte). Ogni volta che lo strato data link della sorgente incontra cinque "1" consecutivi nei dati inserisce automaticamente un bit con valore 0 nel flusso in uscita. La destinazione quindi quando riceve cinque bit consecutivi con valore 1 seguiti da uno 0, automaticamente elimina lo 0. Con il bit stuffing il confine fra i due frame viene riconosciuto in modo inequivocabile tramite l'uso della sequenza flag. Inoltre se il ricevente perde traccia dei frame, quello che deve fare e' cercare il byte flag, dato che possono trovarsi sono all'interno del frame e mai all'interno dei dati.
Bit stuffing - pregi | Risolve i problemi legati dall'uso di 8 bit per il flag byte del suo predecessore (byte stuffing): la poca compatibilità con molte codifiche di caratteri e lo spreco di banda. Permette la suddivisione di bit in frame, facilmente individuabili grazie ai bit flag.
Bit stuffing - difetti | --
Bit stuffing - ambiti di utilizzo | Metodo di framing dello strato data link, utilizzato in protocolli che prevedono frame di dimensione fissa: il bit stuffing è utilizzato per raggiungere tale dimensione. Utilizzato anche in alcuni protocolli che prevedono un flusso continuo di dati, gli "0" sono inseriti per assicurare la continuità del flusso.
```csv
Numero di bit necessari per riconoscimento (correzione) degli errori di trasmissione? - descrizione | I dati trasmessi nei collegamenti locali sono spesso soggetti ad errori, per la loro gestione sono state sviluppate due strategie di base: la prima si basa su una codifica a correzione d'errore mentre la seconda è una codifica a rilevazione d'errore. La prima introduce una ridondanza (in ciascun blocco trasmesso) tale da riuscire a ricostruire il messaggio in caso di anomalie. La seconda invece introduce ridondanza sufficiente solo a capire che c'è stato un errore, ma non di correggerlo. Un frame generalmente consiste di m bit di dati e r bit ridondanti per i controlli, la somma n=m+r è la lunghezza totale del frame chiamata codeword di n bit. Date due codeword, per capire quanti bit corrispondenti sono differenti bisogna effettuare l'OR esclusivo e contare il numero di bit a “1” nel risultato, questo numero è chiamato distanza di Hamming.
Numero di bit necessari per riconoscimento (correzione) degli errori di trasmissione? - pregi | Rilevare semplicemente l'errore permette di diminuire la quantità di bit dati. Tuttavia rilevazione e correzione permette un minor numero di invii, e permette la ricostruzione autonoma del frames.
Numero di bit necessari per riconoscimento (correzione) degli errori di trasmissione? - difetti | La semplice rilevazione non permette la ricostruzione del dato, la rilevazione e correzione però necessita del doppio dei bit per poter essere attuata.
Numero di bit necessari per riconoscimento (correzione) degli errori di trasmissione? - ambiti di utilizzo | Strato data-link. Nelle reti wireless conviene utilizzare una codifica a correzione dell'errore, cosi da ricostruire il messaggio in casi d'errore (se si dovesse solo rilevare e richiedere un'altro invio, il rischio della presenza di nuovi errori sarebbe alta, quindi conviene usare questa). Nelle LAN invece, in cui gli errori sono più sporadici, è più conveniente utilizzare spesso quella a rilevazione, con conseguente richiesta di re-invio.
```
CRC - descrizione | Il CRC o Cycle Redundancy Check, è un metodo per il calcolo di somme di controllo, serve a individuare errori casuali nella trasmissione di dati (causati da interferenze, rumori di linea o distorsione). Non è utile invece nel caso di tentativi intenzionali di manomissione. Il CRC tratta le sequenze di bit come dei polinomi a coefficienti che possono assumere solo valori “0” o “1”. Un frame di k bit è visto come una lista di coefficienti per un polinomio con k termini che variano da x^k-1 a x^0. Questo polinomio è detto di grado k-1 e il coefficiente più alto è quello più a sinistra del polinomio (es 110001 ha 6 bit, quindi rappresenta un polinomio di 5° grado con coefficienti 1,1,0,0,0 e 1: x^5+x^4+x^0. Quando si utilizza una codifica di questo tipo, sorgente e destinazione devono mettersi d'accordo in anticipo su un polinomio generatore G(x). Che deve avere i bit di ordine più alto e più basso a “1”. Per poter calcolare il checksum di un frame di m bit, quest'ultimo dev'essere più lungo del polinomio generatore. L'idea è quella di aggiungere un checksum alla fine del frame in modo che il polinomio rappresentato dal frame con checksum sia divisibile per G(x). Quando la destinazione riceve il frame con il checksum e prova a dividerlo per G(x). Se c'è un resto vuol dire che c'è stato un errore di trasmissione.
CRC - pregi | Richiede conoscenze matematiche modeste, è semplice da realizzare ed ha un ottimo grado di rilevazione degli errori su linee con elevato rumore di fondo.
CRC - difetti | Purtroppo è utile solo per errori causati da interferenze, rumore o distorsione. L'algoritmo diventa inutile di fronte a tentativi intenzionali di manomissione dei dati.
CRC - ambiti di utilizzo | Strato data-link. Utilizzato per individuare errori casuali nella trasmissione di dati. Per i tentativi intenzionali di manutenzione è meglio utilizzare algoritmi di hash quali MD5 e SHA1.
Stop-and-wait - descrizione | Un mittente manda solo un frame alla volta, il destinatario, dopo aver ricevuto il frame corretto, invia un ACK (Acknowledge) al mittente, che a sua volta provvede a spedire il secondo frame e così via. Se l'ACK non raggiunge il mittente, questo provvederà a inviare nuovamente lo stesso frame dopo aver atteso un certo tempo (timeout). Altri problemi sorgono quando l'ACK arriva danneggiato, in quel caso il mittente invia nuovamente il frame, con il risultato che il destinatario si trova due frame uguali, senza sapere se è un duplicato o se effettivamente il pacchetto successivo ha gli stessi dati, per questo è stato implementato un numero di sequenza per i frame, e il destinatario invia l'ACK inerente a quel frame. Anche in questo caso sorgono problemi di dissincronia, in cui, sbagliando i numeri dei frame si rischia di perderne molteplici. Concludendo lo stop-and-wait è parecchio inefficiente rispetto agli altri protocolli di "comunicazione di richiesta di ripetizione automatica", specialmente a causa del tempo che intercorre tra l'invio dei vari pacchetti e contando anche il fatto che essendoci gli ACK il tempo di comunicazione aumenta considerevolmente, limitando la capacità del canale di comunicazione.
Stop-and-wait - pregi | Permette di gestire i pacchetti ricevuti, corretti o danneggiati, per poi passarli allo strato network.
Stop-and-wait - difetti | Perdita di dati, lentezza generale, limitato uso del canale di comunicazione. Senza l'utilizzo di piggybacking, o tecniche avanzate, questo protocollo risulta essere estremamente lento e che, a causa della mancata numerazione dei pacchetti, rischia di farne perdere numerosi.
Stop-and-wait - ambiti d'uso | Strato data-link. Effettivamente questo protocollo non viene utilizzato a causa della parecchia inefficienza rispetto ad altri protocolli.
Piggybacking - descrizione | La tecnica del piggybacking permette di aggiungere l'ACK al frame di dati in uscita, utilizzando il campo ack nell'intestazione di questo. In questo modo l'acknowledgement si procura un passaggio gratis insieme al successivo frame dati trasmesso. Questo avviene quando arriva un frame di dati, la destinazione non invia subito un frame di controllo separato, ma aspetta che lo strato network gli passi il successivo pacchetto. Un problema può sorgere in caso di attesa molto lunga del pacchetto, poiché si rischia di far scattare il timer del mittente che re-invia il frame nell'attesa dell'ACK, in questo caso si decide un timeout in modo tale da fare piggybacking nel caso in cui il pacchetto da inviare è pronto in tempi celeri, altrimenti si invia l'ACK in modo indipendente.
Piggybacking - pregi | Miglior uso della banda disponibile. E visto che l'ACK viene inglobato nel frame e non inviato singolarmente, la banda viene meno congestionata.
Piggybacking - difetti | In caso di attesa eccessiva del pacchetto dallo strato network, l'ACK potrebbe non venire mai inviato, in quel caso non si attende e si invia l'ACK singolarmente.
Piggybacking - ambiti di utilizzo | Utilizzato in molti protocolli di comunicazione che necessitano della conferma della ricezione di un determinato messaggio attraverso un ACK. Nelle reti LAN è molto adatta.
Sliding window - descrizione | Sliding window è una classe di protocolli di controllo di flusso di dati. Una sliding window è formata da una finestra di invio e da una finestra di ricezione. La prima indica i frame che è autorizzata ad inviare, la seconda invece corrisponde all'insieme dei frame che può accettare. La finestra di invio contiene i frame da spedire, o spediti ma in attesa di ack, lo scopo è quello di mantenere nel buffer più frame, in modo da ritrasmetterli in caso di problemi. Se questo buffer è pieno, il livello data link costringe il livello network a sospendere la consegna di pacchetti. Quando si ottiene un ack il frame corrispondente esce dalla finestra lasciando posto ad altri. Analogamente, il destinatario mantiene una finestra corrispondente agli indici dei frame che possono essere accettati, se arriva un frame il cui indice è fuori dalla finestra questo viene scartato (senza invio dell'ack). Se l'indice è dentro la finestra, il frame viene accettato, viene spedito l'ack e si sposta in avanti la finestra. Le finestre di mittente e destinatario non devono avere necessariamente uguali dimensioni. Si noti che nel caso in cui abbiamo una finestra di dimensione massima uguale a 1 ci troviamo nel caso stop-and-wait, ovvero, dopo aver inviato un frame si attende l'ack corrispondente prima di inviarne ulteriori. In questo caso si mantiene l'ordine, con finestre più larghe questo non è più vero.
Sliding window - pregi | Questa classe di protocolli permette di sfruttare al meglio la banda sia in entrata che in uscita, i veri pregi si hanno in base alle dimensioni delle finestre invio/ricezione implementate dai diversi protocolli che sfruttano questa tecnica.
Sliding window - difetti | --
Sliding window - ambiti d'uso | Utilizzato prevalentemente dal protocollo TCP nei meccanismi di controllo di flusso e della congestione.
Go back N - descrizione | Go back n è un'istanza specifica del protocollo “Automatic Repeat-reQuest” (modalità di trasmissione di pacchetti di dati) nel quale il processo mittente continua a mandare un numero di frame specificato nella window size anche senza aver ricevuto nessun ACK. La strategia corrisponde ad una finestra in ricezione di dimensione 1, rilevato l'errore si rifiuta di accettare qualunque frame eccetto il successivo che deve inviare allo strato network. Per questo il mittente scaduto il timeout riprende a spedire i frames che non hanno ricevuto l'ack.
Go back N - pregi | Grazie all'invio a raffica senza attendere l'ack corrispondente, questo protocollo ottimizza in maniera eclatante l'uso della banda (in caso di pochi errori (nulli)).
Go back N - difetti | Può far perdere molta banda in caso di un'alta frequenza di errori.
Go back N - ambiti d'uso | Viene utilizzato in base alle risorse disponibili, in particolare, nei sistemi in cui la finestra di ricezione è scarsa, e la finestra di invio è più grande.
Selective Repeat - descrizione | Con il selective repeat, quando viene ricevuto un frame in errore viene scartato, mentre i frame buoni ricevuti successivamente vengono salvati in un buffer; quando la sorgente va in timeout, solo il frame più vecchio senza ACK viene ritrasmesso. Se quel frame arriva correttamente, la destinazione può passare in sequenza allo strato network tutti i frame presenti nel buffer. La ripetizione selettiva può inviare dei NACK (Not acknowledgement) quando trova un errore, così da stimolare la ritrasmissione prima dello scadere del timer. La ripetizione selettiva corrisponde ad avere una finestra di ricezione maggiore di 1.
Selective Repeat - pregi | Aumentano di molto le performance, soprattutto grazie ai NACK che stimolano la ritrasmissione prima dello scadere del timer.
Selective Repeat - difetti | Essendo una ricezione non sequenziale c'è il rischio che gli intervalli della prima finestra si sovrappongano con la successiva, con conseguenza che il ricevitore non sa' se siano dati ritrasmessi (se gli ACK vengono persi) o dati nuovi (se gli ACK sono stati ricevuti).
Selective Repeat - ambiti di utilizzo | Utilizzato in base alla disponibilità delle risorse, finestra di ricezione maggiore di 1.
```csv
ALOHA - descrizione | ALOHA è un protocollo di rete per garantire le funzionalità di accesso multiplo al mezzo di trasmissione dati condiviso tra più utenti. Esistono due tipi di reti: quelle che utilizzano le connessioni punto-punto e quelle che usa canali broadcast; questo protocollo viene utilizzato per le seconde. Inventato negli anni '70 nelle Hawaii, l'idea di fondo è di consentire agli utenti di trasmettere ogni volta che hanno dati da inviare. Questo naturalmente genera collisioni, tuttavia i canali broadcast danno la possibilità di avere il feedback sul frame trasmesso e verificare se il frame è stato ricevuto correttamente o no; la stazione trasmittente ascolta il canale e determina il successo o insuccesso della trasmissione. Se il frame viene danneggiato, le stazioni aspettano un tempo casuale prima di ritrasmettere (deve essere casuale altrimenti i frame si danneggiano continuamente). Il successo dell'ALOHA puro è di circa 18%.
ALOHA - pregi | Permette l'accesso multiplo allo stesso mezzo di trasmissione condiviso da più utenti (broadcast).
ALOHA - difetti | Poco efficiente in comunicazioni con tante stazioni.
ALOHA - ambiti d'uso | Protocollo di livello MAC, questo protocollo non è attualmente utilizzato. Creato tuttavia per l'utilizzo nelle connessioni di tipo broadcast, in cui il mezzo trasmissivo è condiviso da più di due punti.
Slotted ALOHA - descrizione | Il protocollo Slotted ALOHA aggiunge al protocollo sopracitato la divisione del tempo in intervalli discreti, chiamati slot. Ogni stazione viene vincolata a cominciare la propria trasmissione solo all'inizio di uno slot temporale, se una stazione è pronta a trasmettere, dovrà necessariamente attendere l'inizio dello slot successivo. Lo svantaggio di questo protocollo è la necessità di un meccanismo di sincronizzazione che indichi alle varie stazioni quando possono cominciare la trasmissione. Questa divisione in slot migliora il grado di successo del doppio rispetto all'ALOHA puro, circa 36%.
Slotted ALOHA - pregi | Migliora l'ALOHA puro, aumentando il grado di successo di circa il doppio.
Slotted ALOHA - difetti | Necessita di un meccanismo di sincronizzazione che indichi alle varie stazioni quando trasmettere.
Slotted ALOHA - ambiti d'uso | Protocollo di livello MAC, utilizzato nelle connessioni broadcast per condividere lo stesso mezzo trasmissivo da più utenti.
```
CSMA - descrizione | Il CSMA è una tecnica di trasmissione dati in cui ogni dispositivo verifica se altri nodi stanno trasmettendo sul canale prima di avviare la trasmissione dei dati. Se il canale è libero, iniziano a trasmettere; altrimenti, attendono un tempo arbitrario prima di riprovare. Esistono diverse versioni di CSMA: 1-persistente, non persistente e p-persistente. Queste varianti migliorano enormemente il tasso di successo rispetto ad ALOHA e ALOHA-slotted. Un ulteriore miglioramento si ottiene permettendo alle stazioni di annullare la trasmissione in caso di collisione, risparmiando tempo e banda, noto come CSMA/CD, utilizzato nelle LAN Ethernet.
CSMA - pregi | Migliora di molto le prestazioni di ALOHA e ALOHA-slotted. Un ulteriore miglioramento si ottiene annullando la trasmissione in caso di collisione, risparmiando tempo e banda.
CSMA - difetti | --
CSMA - ambiti d'uso | CSMA/CA è utilizzato prevalentemente nelle connessioni in cui il rilevamento delle collisioni non è realizzabile, come le reti senza fili. Utilizzato nello standard IEEE 802.11. Una variante che rileva le collisioni è il CSMA/CD, utilizzato nelle LAN Ethernet.
Basic Bitmap - descrizione | Esistono protocolli che garantiscono la gestione degli accessi senza collisione, uno tra questi è il basic Bitmap (metodo a mappa di bit elementare). In questo protocollo ogni periodo di contesa è composto esattamente da N intervalli (N=# stazioni). Ogni stazione è numerata, e se ha un frame da inviare deve inviare un “1” nell'intervallo corrispondente al suo numero. A nessun'altra stazione è concesso di trasmettere durante questo intervallo. Cosi facendo ogni stazione si “prenota” l'intervallo di trasmissione. Una volta trascorsi gli N intervalli, ogni stazione sa quali sono le stazioni che vogliono trasmettere, di conseguenza non ci sarà mai alcuna collisione. Questo è anche chiamato protocollo a prenotazione.
Basic Bitmap - pregi | Garantisce che non ci siano collisioni durante l'utilizzo di un canale condiviso.
Basic Bitmap - difetti | Protocollo sbilanciato, da priorità alle stazioni con un numero basso, se una stazione “i” e una “j” vogliono trasmettere e i<j allora i si aggiudica la posizione. Contemporaneamente però le stazioni numerate con numeri bassi dovranno attendere di più rispetto a quelle con numeri più alti. Ha bisogno di 1 bit di controllo per stazione, in reti con migliaia di utenti non è molto adatto.
Basic Bitmap - ambiti di utilizzo | Protocollo dello strato MAC, utilizzato nelle connessione con canale condiviso
Collision free binary countdown - descrizione | Il collision free binary countdown o conteggio binario migliora il basic bitmap, utilizzando un sistema di assegnazione della linea in base ad una stringa binaria. Una stazione che desidera utilizzare il canale deve comunicare a tutti il proprio indirizzo sotto forma di stringa binaria, hanno tutti la stessa lunghezza. I conflitti si evitano grazie ad una regola di arbitraggio: la stazione rinuncia ad inviare non appena si accorge che un'altra stazione con un “1” in una posizione di bit di ordine elevato che nel proprio indirizzo vale “0”. L'efficienza è pari a (d/d*log_2N) (con d numero di bit) ma può raggiungere anche il 100% se l'indirizzo del mittente costituisce l'intestazione del frame. Si può notare uno sbilanciamento notevole in quanto le stazioni con numero maggiore risultano avere sempre la precedenza. Questo può essere ovviato facendo ruotare i valori delle stazioni ad ogni step, così quando una stazione riesce ad inviare viene spostata alla fine della coda, in modo da permettere a tutte le stazioni la possibilità di inviare. Questo algoritmo è semplice, elegante ed efficiente, tuttavia attualmente non è utilizzato.
Collision free binary countdown - pregi | Migliora il problema della scarsa efficienza in caso di molte stazioni del basic bitmap. Garantisce comunicazioni senza collisioni. Ad alto carico l'efficienza del canale migliora.
Collision free binary countdown - difetti | Da priorità alle stazioni con numero maggiore, con conseguente sbilanciamento. Problema risolto facendo ruotare i valori delle stazioni ad ogni step. A basso carico hanno un ritardo elevato.
Collision free binary countdown - ambiti d'uso | Protocollo dello strato MAC. Utilizzato nelle connessione con canale condiviso. Attualmente non utilizzato.
Adaptive tree walk protocol - descrizione | Adaptive tree walk protocol è un protocollo a contesa limitata che migliora ulteriormente le prestazioni dei protocolli sopracitati. Si può immaginare questo metodo come un albero binario, in cui le stazioni sono le foglie e sono divise nei vari rami. Inizialmente si prova a inviare ad altezza 0: se non vi è collisione si procede all'invio, in caso contrario ci si sposta sul sottoalbero sinistro e si ritenta; se il conflitto non c'è più si fa inviare la stazione che lo desidera (se non c'è conflitto vuol dire che nel sottoalbero sinistro c'è solo una stazione che vuole inviare). Dopo aver inviato si torna al nodo padre e si analizza il sottoalbero destro, ripetendo i test e scendendo nei sottoalberi in caso di conflitto.
Adaptive tree walk protocol - pregi | Garantisce un ritardo limitato in caso di basso carico e una buona efficienza in caso di carico più elevato.
Adaptive tree walk protocol - difetti | --
Adaptive tree walk protocol - ambiti di utilizzo | Utilizzato nelle connessioni con più stazioni che vogliono trasmettere nello stesso mezzo di trasmissione.
Ethernet - descrizione | Ethernet è il sistema LAN più diffuso al mondo, è economico e facile da usare e la diffusione delle componenti hardware ne ha facilitato l'adozione. È adeguata all'utilizzo con TCP/IP. Nasce con l'intento di ottenere una trasmissione affidabile su cavo coassiale in condizioni di traffico contenuto, ma in grado di tollerare possibili picchi di carico. Per regolamentare l'accesso al mezzo trasmissivo era stato adottato un protocollo di accesso multiplo del tipo CSMA/CD. Il nome Ethernet si riferisce al cavo (definito "etere"). Andiamo quindi ad elencare le tipologie di cavi utilizzati in questo standard. Generalmente vengono utilizzati 4 tipi di cavo.
Ethernet - pregi | Sistema LAN più diffuso, economico e facile da utilizzare. I primi due tipi di cavo non vale la pena analizzarli perchè ormai sono obsoleti, i 10base-T sono sicuramente più economici rispetto ai 10base-F che tuttavia provvedono a garantire un'eccellente immunità alle interferenze e una velocità molto superiore alla controparte in rame. Grazie all'utilizzo degli hub i guasti sono semplici da localizzare e correggere.
Ethernet - difetti | I 10base-T hanno una lunghezza massima molto limitata: 100 metri dall'hub. I 10base-F costano molto.
Ethernet - ambiti di utilizzo | I primi due non sono utilizzati, il 10base-T è diventato una tipologia standard di cablaggio nello standard Ethernet, i 10base-F vengono utilizzati largamente in tutte le nuove reti ad alta velocità.
Codifica Manchester - descrizione | Queste codifiche sono dette auto-sincronizzanti in quanto non necessitano di un segnale di sincronia esterno. Queste codifiche suddividono ogni bit codificato in due, nella codifica Manchester lo “0” viene rappresentato da un segnale Basso-Alto, mentre l'”1” viene rappresentato da un segnale Alto-Basso (esistono due convenzioni opposte riguardo la rappresentazione dei segnali “1” e “0”). Così facendo anche in caso di dissincronia, i dati in questo formato permettono un flusso auto-sincronizzante. Uno svantaggio è che la codifica manchester richiede il doppio della banda rispetto alla pura conversione binaria 0-5 volt.
Codifica Manchester differenziale - descrizione | La codifica Manchester differenziale differisce da quella originale nella rappresentazione dei bit: questa infatti si basa sulla verifica di transizioni all'inizio di un intervallo. La presenza di una di queste infatti (che siano alto-basso o basso-alto) identifica un valore, la mancanza di transizione invece indica il valore opposto. Per convenzione il bit 1 viene rappresentato dalla mancanza di transizione all'inizio del suo intervallo, mentre lo 0 è indicato con un cambiamento di segnale nello stesso periodo. Rispetto a Manchester normale, la codifica differenziale è più complessa a livello hardware ma offre migliori prestazioni per quanto riguarda il disturbo di segnale.
Codifica Manchester - pregi | Si risolve il problema di ambiguità dovuto al segnale 0 volt=bit 0. Queste codifiche permettono l'auto sincronizzazione del segnale.
Codifica Manchester - difetti | Occupano il doppio della banda della codifica binaria elementare, perché gli impulsi sono larghi la metà.
Codifica Manchester - ambiti di utilizzo | Tutti i sistemi Ethernet adottano la codifica Manchester perché è più semplice, mentre la Manchester differenziale è utilizzata da altre LAN.
Binary exponential backoff - descrizione | La caratteristica principale del CSMA/CD è che una volta rilevata una collisione, si attende un intervallo prima di ritrasmettere. Questo intervallo viene calcolato ogni volta tramite l'algoritmo di backoff esponenziale.
Binary exponential backoff - pregi | Si adatta dinamicamente al numero di stazioni che tentano di trasmettere. Assicura un basso ritardo quando poche stazioni collidono e garantisce un intervallo di tempo ragionevole quando invece la collisione coinvolge molte stazioni.
Binary exponential backoff - difetti | --
Binary exponential backoff - ambiti di utilizzo | Utilizzato nel protocollo di accesso multiplo CSMA/CD, e serve per decidere/calcolare il tempo di entrata di una stazione nel canale (dopo una collisione).
Stazione nascosta - descrizione | La stazione nascosta non è altro che una stazione che vuole inviare, ma non riesce a ricevere i segnali dei concorrenti a causa della sua distanza eccessiva. Supponiamo di avere A, B e C. A vuole inviare a B e prima di farlo ascolta se ci sono altre connessioni; non ne sente e procede all'invio. Tuttavia, C, è troppo distante perché A lo senta, ma abbastanza vicino a B per inviargli dati, così lo fa e va in conflitto con l'invio di A.
Stazione esposta - descrizione | Il problema della stazione esposta invece è l'inverso. B trasmette ad A, C vuole inviare a D e controlla la presenza di portante sul mezzo di trasmissione e rileva B che sta inviando, così attende per evitare conflitti; tuttavia B non intralcerebbe la trasmissione di C, ma questo non lo può sapere, di conseguenza si genera uno stallo inutile. Questo è il problema della stazione esposta.
Bluetooth - descrizione | Bluetooth è uno standard wireless che permette il collegamento di dispositivi di calcolo, di comunicazione e accessori vari mediante un sistema radio wireless a basso costo, bassa potenza e portata ridotta. L'unità di base di un sistema Bluetooth è la piconet, composta da un nodo master e da diversi nodi slave (non più di 7), situati nel raggio di 10 metri. Più piconet possono trovarsi nella stessa stanza e possono essere collegate tramite un nodo ponte; un insieme di piconet è chiamato scatternet. Tutto si basa sulla comunicazione tra nodo master e nodo slave. Il master controlla il clock e decide quale dispositivo può comunicare in ogni intervallo temporale. I tipi di collegamenti si suddividono in due tipi principali: orientati alla connessione o senza connessione. Il primo richiede di stabilire una connessione tra i dispositivi prima di inviare i dati, mentre in quello senza connessione il trasmettitore può in qualsiasi momento iniziare a inviare i propri pacchetti purché conosca l'indirizzo del destinatario. Bluetooth definisce inoltre due tipi di collegamenti a supporto delle applicazioni voce e trasferimento dati: un servizio asincrono senza connessione (ACL) ed un servizio sincrono orientato alla connessione (SCO). ACL supporta il traffico dati e si basa su un servizio di tipo best-effort. Supporta connessioni a commutazione di pacchetto, connessioni punto-multipunto (multicast) e connessioni simmetriche o asimmetriche. SCO invece è un collegamento che supporta connessioni con un traffico di tipo real-time e multimediali, prevede connessioni a commutazione di circuito, connessioni punto-punto e connessioni simmetriche. Bluetooth ha protocolli raggruppati in strati, che non seguono ne modello OSI né TCP/IP.
Bluetooth - pregi | Bluetooth offre collegamenti wireless a basso costo e bassa potenza, con portata ridotta, rendendolo adatto per la connessione di dispositivi vicini.
Bluetooth - difetti | La portata ridotta e la mancanza di garanzia di consegna dati nel servizio ACL possono essere considerati limiti per alcune applicazioni.
Bluetooth - ambiti di utilizzo | Bluetooth è utilizzato per collegare dispositivi di calcolo, di comunicazione e accessori vari, supportando sia applicazioni voce che trasferimento dati con connessioni di tipo ACL e SCO.
Algoritmo statico Flooding - descrizione | L'algoritmo di Flooding è un algoritmo statico, in cui ogni pacchetto in arrivo è inviato a tutte le linee tranne quella da cui proviene. Una variante più pratica è chiamata flooding selettivo, dove i router trasmettono i pacchetti solo attraverso le linee che vanno approssimativamente nella direzione corretta.
Algoritmo statico Flooding - pregi | Semplice da attuare e assicura la ricezione del pacchetto alla stazione desiderata.
Algoritmo statico Flooding - difetti | Spreco evidente di banda, pacchetti duplicati e rischio di cicli infiniti.
Algoritmo statico Flooding - ambiti d'uso | Strato Network. Utilizzato come metrica di confronto per altri algoritmi di routing e in ambito militare, in quanto la duplicazione dei pacchetti può essere vantaggiosa a causa del rischio di bombardamenti.
Distance Vector Routing - descrizione | Gli algoritmi di routing basati sul vettore delle distanze (distance vector routing) operano facendo in modo che ogni router conservi una tabella (vettore) che definisce la miglior distanza conosciuta per ogni destinazione e la linea che lo conduce ad essa. Queste tabelle vengono aggiornate scambiando informazioni con i router vicini. Questo algoritmo è basato sull'algoritmo di Bellman-Ford (che calcola i cammini minimi su un grafo). Ogni router misura la “distanza” (secondo una metrica che può includere vari fattori) che lo separa dai nodi adiacenti ricevendo i dati dai router vicini. A partire da tali dati, utilizzando l'algoritmo di Bellman-Ford, il router costruisce una tabella che associa ad ogni destinazione conosciuta la stima della distanza che lo separa dalla destinazione e il primo passo del percorso calcolato. Questo aggiornamento viene fatto periodicamente e dopo sufficienti scambi ciascun router avrà una riga per ogni altro nodo nella rete. Distance vector routing reagisce in modo veloce per le "buone notizie", ma in modo lento per le "cattive notizie": una destinazione X che ha una route inizialmente larga, se in un nuovo scambio di informazioni sulle route table arriva un messaggio dove viene accorciata la distanza per X, allora la tabella viene immediatamente aggiornata; per quanto riguarda le "cattive notizie" se un nodo X diventa irraggiungibile (per disconnessione o crash) si crea il problema del cout to infinity, dove la tabella di routing verso X inizia ad aumentare all'infinito poiche' i router vicini si basano su altre route per X senza sapere che X non e' piu' connesso. Cosi' mano a mano la strada verso X inizia a tendere all'infinito. Una soluzione a questo problema e' l'utilizzo della limitazione alla lunghezza della route fino ad un massimo di (lunghezza massima route)+1
Distance Vector Routing - pregi | Ogni router ha il percorso migliore per arrivare a tutti i suoi nodi adiacenti.
Distance Vector Routing - difetti | Impiega troppo tempo a raggiungere la convergenza. Non tiene conto della banda della linea quando sceglie i percorsi. Possibilità che si creino i cicli, potenzialmente infiniti.
Distance Vector Routing - ambiti d'uso | Strato network per instradare i pacchetti ai vari router della rete, algoritmo adattivo (dinamico).
Linkstate routing - descrizione | Gli algoritmi di routing basati sullo stato dei collegamenti (linkstate routing) è il sostituto del distance vector routing. L'idea di questo algoritmo si basa su 5 punti: Scoprire i propri vicini e i relativi indirizzi di rete, Misurare il ritardo o il costo di ogni vicino, Costruire un pacchetto che contiene tutte le informazioni raccolte, Inviare questo pacchetto a tutti gli altri router, Elaborare il percorso più breve verso gli altri router.
Linkstate routing - pregi | Può gestire reti molto caotiche. Converge velocemente al cammino minimo. Difficilmente genera cicli. Facile da comprendere.
Linkstate routing - difetti | Difficile da realizzare, a causa della notevole capacità di memoria ed elaborazione richiesta dai router.
Linkstate routing - ambiti di utilizzo | Strato network, sostituto al distance vector routing. Molto utilizzato nelle reti attuali visti i numerosi pregi.
Choke packet - descrizione | Il choke packet è uno speciale pacchetto utilizzato per il controllo di flusso in una rete. Un router che rileva una congestione, invia all'host originale del pacchetto un choke packet per avvertirlo di diminuire il flusso. Quando l'host sorgente riceve il pacchetto speciale diminuisce il flusso (tipicamente lo dimezza) e ignora i successivi choke packet (generalmente ne arrivano in rapida successione), passato un tempo prefissato l'host si rimette all'ascolto, se arrivano altri choke packet in quel frangente diminuisce ulteriormente il flusso, altrimenti riprende gradualmente la velocità normale.
Choke packet - pregi | Permette di risolvere la congestione di una linea tramite l'uso di uno speciale pacchetto.
Choke packet - difetti | Lento a reagire, purtroppo l'host produttore di pacchetti che genera la congestione, ci mette un certo tempo per ricevere il choke packet e prendere provvedimenti. Un miglioramento si ha con il Choke packet hop-by-hop (altro algoritmo per risolvere la congestione).
Choke packet - ambiti di utilizzo | Strato network, algoritmo di controllo della congestione.
Choke packet hop-by-hop - descrizione | Il hop-by-hop choke packet è un miglioramento della sua versione precedente (choke packet). Choke packet aveva il problema di aver un tempo di reazione per prendere provvedimenti troppo lento, il che causava una grossa perdita di dati prima di risolvere il problema. Hop-by-hop choke packet risolve questo problema limitando tutte le stazioni che attraversa in maniera immediata, senza dover attendere di arrivare all'host sorgente.
Choke packet hop-by-hop - pregi | Rispetto al choke packet originale, da sollievo più veloce alla rete.
Choke packet hop-by-hop - difetti | Richiede maggior utilizzo dei buffer di trasmissione nei router tra mittente e destinatario.
Choke packet hop-by-hop - ambiti di utilizzo | Strato network, algoritmo di controllo della congestione, miglioramento del choke packet.
Load shedding - descrizione | Quando gli algoritmi di choke packet (puro e hop-by-hop) non bastano per gestire la congestione, i router possono utilizzare la tecnica load shedding che, molto banalmente elimina dei pacchetti casuali in caso di sovraffollamento. Lo scartare pacchetti casuali non è sempre la scelta migliore, per migliorare l'algoritmo infatti la scelta può basarsi sull'applicazione in esecuzione. Esistono due criteri generali per identificare queste scelte, wine e milk. Wine da più importanza ai pacchetti vecchi, scarta di conseguenza quelli nuovi (vecchio è meglio del nuovo), milk invece al contrario dà importanza maggiore ai pacchetti nuovi (nuovo è migliore del vecchio). Questa tecnica permette numerose applicazioni e metodi per implementarla (oltre a wine e milk). Questo permette di tenere sotto controllo possibili momenti di congestione.
Load shedding - pregi | Risolve la congestione in modo brutale, quando il choke packet non basta.
Load shedding - difetti | Scarta pacchetti senza un criterio sufficientemente preciso da evitare di scartare pacchetti importanti.
Load shedding - ambiti di utilizzo | Strato network, metodo brutale utilizzato per risolvere la congestione delle linee.
Red - descrizione | Red fa in modo che i router scartino i pacchetti prima che la situazione diventi senza speranza (early). Per stabilire quando è il momento giusto per iniziare a scartare i pacchetti, i router mantengono una media mobile delle lunghezze delle code. Quando la lunghezza media su una linea supera una soglia di guardia allora quella determinata linea è considerata congestionata e prende le dovute azioni di correzione. Il massimo che può fare purtroppo è scegliere un pacchetto a caso dalla coda che ha attivato “l'azione difensiva” e scartarlo. Per segnalare il rischio di congestione il router potrebbe inviare un choke packet per chiedere la diminuzione di flusso, tuttavia questo congestionerebbe ulteriormente le linee. Scartando il pacchetto, la sorgente lo invierà nuovamente a causa del mancato acknowledgement.
Red - pregi | Risolve le congestioni prima che sia troppo tardi e sia necessario scartare pacchetti con il load shedding.
Red - difetti | Non può sapere esattamente che pacchetto ha causato il superamento della soglia (di conseguenza non sa chi è il reale mittente), di conseguenza non è il massimo della precisione.
Red - ambiti di utilizzo | Viene utilizzato prevalentemente nelle reti in cui le sorgenti rispondono ai pacchetti perduti rallentando il flusso. Nelle reti wireless la perdita dei pacchetti è causata dal rumore nella maggior parte dei casi, di conseguenza non si rallenta il flusso e RED è impossibile da utilizzare.
Reverse Path Forwarding - descrizione | Con il Reverse path forwarding, il router che riceve un pacchetto controlla se gli è giunto da una linea che normalmente è utilizzata per inviare i pacchetti alla sorgente (ovvero che sia la linea con cammino minimo da lui alla sorgente). In caso affermativo, c'è una forte probabilità che il pacchetto broadcast abbia seguito il percorso migliore dalla sorgente fino a lui, di conseguenza lo copia e lo inoltra a tutte le linee (tranne quella da cui l'ha ricevuto). Se invece il pacchetto broadcast è giunto attraverso una linea diversa dalla preferita per raggiungere la sorgente, il pacchetto viene scartato in quanto è probabile si tratti di un duplicato.
Reverse Path Forwarding - pregi | Implementazione facile ed efficiente: non richiede di conoscere la mappa della sottorete, liste di destinazione o mappe di bit per ogni pacchetto. Previene il problema dell'IP spoofing (falsificazione dell'indirizzo del mittente).
Reverse Path Forwarding - difetti | --
Reverse Path Forwarding - ambiti di utilizzo | Strato Network, tecnica usata nei moderni router con lo scopo di assicurare un cammino di pacchetti privi di loop.
Quality of Service (QoS) - descrizione | Un flusso di pacchetti da una sorgente a una destinazione è chiamato, appunto, flusso. Ogni flusso viene regolamentato per il percorso da effettuare e quando effettuarlo, i metodi di gestione della congestione e così via. Ogni flusso ha le sue esigenze, in base all'applicazione che sta servendo, possiamo quindi caratterizzare queste esigenze in quattro parametri primari: affidabilità, ritardo, jitter e banda. Insieme, questi parametri determinano la QoS (Quality of Service), ossia la qualità del servizio richiesta dal flusso.
Quality of Service (QoS) - pregi | La QoS permette di caratterizzare le esigenze di un flusso in base a parametri come affidabilità, ritardo, jitter e banda, che possono essere adattati in base al tipo di applicazione, come alta affidabilità per la posta elettronica o bassa tolleranza al ritardo per le videoconferenze.
Quality of Service (QoS) - difetti | Nessuna tecnica è in grado di fornire QoS efficiente e sicura in modo ottimo.
Quality of Service (QoS) - ambiti di utilizzo | QoS è utilizzato per applicazioni diverse, come la posta elettronica, trasferimento di file, telefonate, videoconferenze, accesso remoto e streaming video, ognuna con requisiti diversi per affidabilità, ritardo, jitter e banda.
Leaky bucket - descrizione | Questo algoritmo si basa sull'idea del “secchio che perde” attraverso il quale qualsiasi quantità d'acqua contenuta fluirà all'esterno sempre con la stessa velocità, se l'acqua viene aggiunta troppo velocemente questa supererà in volume la capacità del secchio e straborderà. Allo stesso modo il leaky bucket è formato da una coda finita. Al suo arrivo, se c'è spazio il pacchetto viene aggiunto alla coda, altrimenti viene scartato. I pacchetti che sono in coda, vengono trasmessi uno alla volta ogni ciclo di clock (se la coda non è vuota). In questo modo si crea un flusso costante di pacchetti a differenza di un flusso casuale, cosi' da limitare congestioni causate dall'invio rapido di molti pacchetti.
Leaky bucket - pregi | Burst di dati che potrebbero congestionare la rete vengono catturati dall'algoritmo che li distribuisce equamente.
Leaky bucket - difetti | Ampie porzioni di risorse di rete non verranno utilizzate quando il volume del traffico è molto basso. Quando la coda si riempie troppo i pacchetti in eccesso vengono brutalmente scartati.
Leaky bucket - ambiti d'uso | Strato Network. Utilizzato nelle reti a commutazione di pacchetto, per controllare che le trasmissione dei pacchetti siano ben delimitati in banda e velocità di trasmissione.
Token bucket - descrizione | L'algoritmo token bucket riprende l'idea del leaky bucket, ma aggiunge dei token, generati da un clock. Un pacchetto per passare deve distruggere un token, se non c'è, attende finché non viene generato dal clock. A differenza del leaky bucket, il token bucket non scarta i pacchetti quando il secchio è pieno. Se non arrivano pacchetti da inviare, il token bucket accumula i token fino ad un massimo di n. Così facendo si prepara a gestire dei possibili burst di massimo n pacchetti (pari al numero di token), bruciando i token in rapida successione e dando una risposta più veloce a picchi improvvisi. Per implementare questo algoritmo è necessaria solo una variabile che tenga conto del numero di token, e li diminuisca quando un pacchetto viene inviato.
Token bucket - pregi | Al contrario del leaky bucket, usando quest'algoritmo non scarta nessun pacchetto. Gestisce meglio i burst improvvisi, dando una risposta più veloce.
Token bucket - difetti | Un potenziale difetto può essere che consente di trasmettere grandi raffiche di dati, che potrebbero causare congestione. (non sicura).
Token bucket - ambiti di utilizzo | Strato Network, utilizzato per gestire il traffico in una rete dati, finalizzato a regolare l'output di trasmissione.
ARP - descrizione | ARP è un protocollo che permette di associare un indirizzo IP all'indirizzo Ethernet in una sottorete (o anche tra più sottoreti utilizzando Arp-proxy). Viene trasmesso un pacchetto broadcast a tutte le stazioni nella sottorete che chiede chi è il proprietario di un determinato indirizzo IP. Le stazioni controllano il proprio indirizzo IP e solo il proprietario di tale indirizzo risponde inviando il proprio indirizzo Ethernet. In questo modo la stazione che cercava un determinato indirizzo riesce a collegare l'IP con il MAC.
ARP - pregi | Permette la trasmissione di pacchetti ad un host anche senza conoscere l'indirizzo MAC (necessario per instaurare una connessione a livello data-link).
ARP - difetti | Non autentica le risposte, il che lo rende molto vulnerabile a possibili attacchi.
ARP - ambiti di utilizzo | Utilizzato nel protocollo IPv4 e operante a livello di accesso alla rete. Viene utilizzato tutte le volte che un host collegato ad una LAN deve inviare un messaggio ad un host nella stessa LAN conoscendo solamente l'indirizzo IP.
DHCP - descrizione | DHCP si basa sull'idea di un server speciale che assegna gli indirizzi IP agli host che ne richiedono uno. Questo server non deve trovarsi sulla stessa LAN, il che comporta che potrebbe non essere raggiunto dalle trasmissioni broadcast, perciò è necessario installare in ogni LAN un agente di inoltro DHCP. Una macchina appena accesa invia in modalità broadcast un pacchetto DHCP DISCOVER; questo pacchetto viene intercettato dall'agente di inoltro presente nella LAN che provvede ad inoltrarlo al server DHCP che assegna un indirizzo IP alla macchina tramite un pacchetto DHCPOFFER, questa risponde con un pacchetto DHCPREQUEST che viene accettata dal server tramite ACK. Questo avviene nel caso di un singolo server DHCP, potrebbero essercene multipli, in questo caso l'host che necessita di un indirizzo IP valuta le varie proposte, ed invia un pacchetto DHCPREQUEST indicando il server selezionato. L'indirizzo assegnato proviene da una pool di indirizzi IP comuni, un problema causato da questo potrebbe essere la durata di allocazione: se un host abbandona la rete senza restituire l'indirizzo IP questo viene perso per sempre. Per evitare questa eventualità, gli indirizzi IP sono assegnati secondo una tecnica chiamata di leasing, ovvero a scadenza di tempo. Prima che questo scada l'host deve fare richiesta di rinnovo dell'indirizzo, se non riesce a farla o se viene rifiutata, l'host non può più utilizzare quell'indirizzo IP.
DHCP - pregi | Permette di associare indirizzi IP avendo l'indirizzo MAC di un'host.
DHCP - difetti | Non include nessun meccanismo di autenticazione, il che lo rende vulnerabile a possibili attacchi
DHCP - ambiti d'uso | Protocollo di rete a livello applicativo, utilizzato ampiamente nelle reti odierne.
IPv6 - descrizione | IPv6 è un upgrade dell'IPv4 e conta di risolvere i problemi di numero, in quanto riuscirebbe a gestire 2^128 indirizzi diversi. IPv6 oltre a colmare il problema della quantità di indirizzi migliora e semplifica l'intestazione: infatti prevede solo 8 campi rispetto ai 13 dell'IPv4. Questo consente al router di elaborare i pacchetti più velocemente. Sempre riguardo l'elaborazione dei pacchetti, IPv6 migliora il supporto per le opzioni, rendendo campi che prima erano obbligatori, opzionali. Un altro grande passo avanti riguarda la sicurezza. E' stata anche data importanza anche al quality of service.
IPv6 - pregi | Aumenta di molto gli indirizzi gestibili rispetto all'IPv4. Migliora e semplifica l'intestazione, consentendo una elaborazione di pacchetti più veloce. Migliora il supporto per le opzioni e migliora la sicurezza.
IPv6 - difetti | Non è compatibile con il predecessore, quindi l'introduzione a questo nuovo protocollo è lenta.
IPv6 - ambiti d'uso | Protocollo di rete, utilizzato per gli indirizzi di rete.
IPv4 - descrizione | IPv4 è un protocollo di rete che supporta al massimo 2^32 indirizzi univoci ed è costituito da un'intestazione di 20B fissi e una parte opzionale di lunghezza variabile, con 13 campi.
IPv4 - pregi | IPv4 è il protocollo più usato.
IPv4 - difetti | Il numero massimo di indirizzi univoci supportati da IPv4 sta iniziando a diventare insufficiente.
IPv6 - descrizione | IPv6 è l'evoluzione di IPv4, supporta fino a 2^128 indirizzi univoci, e l'header è costituito dai primi 40 byte contenenti 8 campi, con un carico utile minimo di 1280 byte e massimo di 65535 byte.
```
Frame Ethernet - descrizione | Un frame Ethernet è l'unità trasportata nel livello Data Link. Esistono diverse versioni di questo frame; ora analizziamo la versione IEEE 802.3.
Frame Ethernet - pregi | Non menzionati esplicitamente nel testo.
Frame Ethernet - difetti | Non menzionati esplicitamente nel testo.
Frame Ethernet - ambiti di utilizzo | Utilizzato nel livello Data Link per il trasporto di dati nelle reti Ethernet.
```
UDP - descrizione | UDP (User Datagram Protocol) è un protocollo dello stato di trasporto senza connessione. Non gestisce il riordinamento dei pacchetti né la ritrasmissione di quelli persi, il che lo rendono di minor affidabilità rispetto al TCP. In compenso è molto rapido ed efficiente per applicazioni leggere o time sensitive (audio video real-time). UDP fornisce servizi basilari: Multiplazione delle connessioni tramite assegnazione delle porte e verifica degli errori mediante una checksum inserita in un campo dell'header.
UDP - pregi | Rapido ed efficiente per applicazioni leggere e che necessitano di velocità di trasmissione.
UDP - difetti | Non gestisce il riordinamento dei pacchetti e la ritrasmissione di quelli persi. Non da nessuna affidabilità.
UDP - ambiti di utilizzo | UDP viene utilizzato dalle applicazioni di rete che sono elastiche riguardo alla perdita dei dati e strettamente dipendenti dal tempo, si usa inoltre per comunicazioni in broadcast (tutti i terminali in una rete) e multicast (tutti i terminali iscritti ad un servizio).
```
TCP - descrizione | TCP (Transmission Control Protocol) è il protocollo orientato alla connessione dello strato di trasporto. Si occupa di controllo della trasmissione, di rendere affidabile la comunicazione di dati in rete tra mittente e destinatario.
TCP - pregi | Possiede funzionalità di controllo di flusso e controllo della congestione (attraverso la sliding window). Da grande affidabilità nel trasporto di pacchetti nella rete.
TCP - difetti | Utilizza molta banda per fornire tutte le feature, feature che per molte applicazioni non sono utili, con conseguente spreco di banda nei loro casi.
TCP - ambiti d'uso | Strato di trasporto, presente nei terminali. Implementato all'interno del sistema operativo. Usato nella stragrande maggioranza delle applicazioni internet che richiedono una consegna affidabile di pacchetti (che UDP non può garantire).
```
DNS - descrizione | Protocollo dello strato applicativo, DNS (Domain Name System) è un sistema per la risoluzione di nomi degli host in indirizzi IP. L'essenza del DNS è l'invenzione di uno schema di denominazione gerarchico basato su dominio, e di un sistema di database distribuito per l'implementazione di questo schema di denominazione.  
DNS - pregi | Garantisce una maggior chiarezza per l'utente medio.  
DNS - difetti | --  
DNS - ambiti di utilizzo | Strato Applicativo. Utilizzato per la risoluzione di nomi della rete. Utilizzato molto nei web server, in cui con un singolo indirizzo IP si possono ospitare più siti web.
Cifrario a sostituzione - descrizione | Per cifrare un messaggio ci sono diverse tecniche, una di queste è il cifrario a sostituzione (per cifrario s'intende una trasformazione carattere per carattere, senza considerare la struttura linguistica del messaggio). Uno dei cifrari più antichi che si conoscono è il cifrario di Cesare. Il suo funzionamento consiste nella sostituzione delle singole lettere dell'alfabeto "shiftate" di k posizioni.
Cifrario a sostituzione - difetti | Purtroppo il cifrario a sostituzione può essere decifrato facilmente: l'attacco si basa sulla statistica del linguaggio naturale, dove un certo gruppo di lettere sono ripetute più volte (per esempio in italiano le vocali sono ripetute molto spesso all'interno delle parole).
Cifrario a trasposizione - descrizione | Un altro tipo di cifrario è il cifrario a trasposizione che riordina le lettere senza mascherarle come fa il cifrario a sostituzione. Un esempio è la trasposizione colonnare che funziona come segue: tramite una parola chiave si numerano le colonne (alfabeticamente numerate), il testo in chiaro va disposto di seguito sulle colonne. Successivamente si ordinano le colonne in base alla parola chiave, ad ogni lettera viene dato un valore dipendente dal valore della lettera nell'alfabeto, successivamente si riscrive per colonne il testo cifrato.
Cifrario a trasposizione - difetti | Purtroppo il cifrario a trasposizione è vulnerabile: per decifrarlo si può provare a indovinare il numero di colonne oppure si possono riconoscere alcune parole all'interno di esso (cosa che poi facilita la decifrazione). Successivamente, essendo il testo "mescolato", si procede con la ricostruzione del messaggio in chiaro.
Block cipher - descrizione | Block cipher è un algoritmo a chiave simmetrica operante su un gruppo di bit di lunghezza finita organizzati in un blocco. Questo tipo di algoritmi sono composti da due parti, una che cifra (E) e un'altra che decifra (E_1). Dati n bit in entrata in blocco, l'algoritmo cifra n bit in blocco. Per eseguire la crittazione e la decrittazione è possibile implementarli tramite semplici circuiti elettrici, come ad esempio la P-box o la S-box.
Block cipher - pregi | Combinati insieme, P-box e S-box, creano un sistema crittografico molto performante.
Block cipher - difetti | Singolarmente questi metodi non sono molto affidabili, S-box è molto vulnerabile agli attacchi basati sul tempo.
Block cipher - ambiti d'uso | Utilizzati in crittografia per cifrare blocchi di dati (a differenza degli algoritmi di flusso che cifrano un solo elemento alla volta).
```csv
DES - descrizione | DES (Data Encryption Standard) è un algoritmo di cifratura scelto come standard, prima dal governo degli Stati Uniti e successivamente è diventato di utilizzo internazionale. Si basa su un algoritmo a chiave simmetrica (Usa la stessa chiave per la crittografia e per la decrittazione) con chiave a 64bit (solo 56 utili, gli altri 8 sono di controllo). DES è un perfetto esempio di cifrario a blocchi, è un algoritmo che prende in ingresso una stringa di lunghezza fissa di testo in chiaro e, con una serie di operazioni complesse, da in output una stringa di testo della stessa lunghezza.
Triplo DES - descrizione | Per migliorare la complessità dell'algoritmo viene implementato un nuovo metodo chiamato triplo DES. Nel triplo DES vengono utilizzate due chiavi e tre stadi. Nel primo stadio il testo viene cifrato con il sopracitato DES usando la chiave K_1, nel secondo stadio DES viene usato in modalità di decifrazione usando la chiave K_2. Infine, un'ultima cifratura viene fatta con K_1. È un metodo Encrypt Decrypt Encrypt (EDE). Il metodo EDE è stato scelto in quanto risulta compatibile con i computer che usano la cifratura singola, semplicemente impostando K_1=K_2.
DES e Triplo DES - pregi | Permettono una cifratura a blocchi rispetto al singolo elemento come la cifratura a flusso. Triplo DES migliora la poca sicurezza del DES. Triplo DES è compatibile con DES grazie alla sua composizione, basta porre K_1=K_2.
DES e Triplo DES - difetti | A causa della dimensione ridotta della chiave (64 bit) DES non è molto sicuro. Usando questi metodi crittografici un testo in chiaro produrrà sempre il medesimo testo cifrato. Entrambi soffrono di una prestazione software. Entrambi gli algoritmi sono stati sostituiti da AES.
DES e Triplo DES - ambiti di utilizzo | Nell'ambito della crittografia, stanno cadendo in disuso a causa delle scarse prestazioni, sostituiti da AES.
```
Counter Mode Cipher - descrizione | La modalità contatore è una tecnica di cifratura in cui il testo in chiaro non viene cifrato direttamente; si cifra invece un vettore d'inizializzazione (IV) con una costante (K), successivamente il risultato viene messo in XOR con il testo in chiaro. Si incrementa di 1 il vettore d'inizializzazione ad ogni blocco, rendendo facile decifrare un blocco in qualunque posizione esso si trovi, senza decifrare prima i suoi predecessori.
Counter Mode Cipher - pregi | Permette la decifratura di blocchi di dati in ordine non sequenziale, non necessita quindi di decrittare tutti i blocchi a lui precedenti.
Counter Mode Cipher - difetti | Se si utilizza la stessa chiave e lo stesso IV per due differenti messaggi, avendo i due messaggi cifrati è possibile bypassare la sicurezza facendo lo XOR dei due messaggi, ottenendo la chiave.
Counter Mode Cipher - ambiti di utilizzo | Viene utilizzato nella cifratura come alternativa agli algoritmi che cifrano i dati basandosi su blocchi precedenti. Utile ad esempio se si necessita di effettuare ricerche non sequenziali dei dati.
Cipher block chaining - descrizione | Un modo per evitare questo problema è collegare tutti i blocchi cifrati in modo diverso, questa tecnica è chiamata Cipher block chaining. In questo metodo, ogni blocco di testo in chiaro è messo in XOR con il precedente blocco cifrato prima di eseguire la cifratura vera e propria. Così facendo a blocchi di testo in chiaro uguali non corrispondono più blocchi di testo cifrato identici. Per il primo blocco di questa catena lo XOR viene calcolato con un blocco di dati casuali (vettore di inizializzazione IV), che è trasmesso (in chiaro) insieme al testo cifrato. Questo metodo rende la criptoanalisi più difficile, con un grande incremento di sicurezza. Un problema è il fatto di rendere impossibile la decrittazione di un blocco in maniera casuale senza prima aver decrittato tutti i blocchi precedenti. Problema risolto dal counter mode cipher.
Cipher block chaining - pregi | Migliora il problema dei cifrari che utilizzano sempre la stessa chiave (DES/TRIPLODES/AES), ovvero il problema di generare sempre blocchi uguali per testi uguali.
Cipher block chaining - difetti | Per decifrare un blocco in mezzo al flusso bisogna prima decrittare tutti i blocchi a lui antecedenti.
Cipher block chaining - ambiti di utilizzo | Nell'ambito della cifratura, viene utilizzato quando è necessario un livello di sicurezza maggiore rispetto a AES, in quanto produce testo cifrato diverso per blocchi di testo in chiaro uguali.
Stream cipher - descrizione | Una variante dei cifrari a blocchi è stream cipher (cifrario di flusso). Questa tecnica sfrutta un vettore di inizializzazione (IV) e una chiave, cifrate insieme generano un keystream che è indipendente dal testo in chiaro, successivamente si può cifrare nuovamente il keystream con la chiave, un numero arbitrario di volte per ottenere keystream differenti, con la quale poi verrà cifrato il testo in XOR. Per la decrittazione viene eseguita generando lo stesso keystream dal lato del ricevente.
Stream cipher - pregi | Garantisce alta elasticità agli errori.
Stream cipher - difetti | Ha il rischio di keystream riutilizzato se non si sta attenti.
Stream cipher - ambiti d'uso | Utilizzato per cifrare dati in applicazioni in cui è necessario che un bit di errore non rovini 64 bit di testo in chiaro.
RSA - descrizione | RSA è un algoritmo di crittografia che cerca di trovare un modo per generare queste chiavi, in modo da renderle impossibili da dedurre tramite calcoli. È considerato un algoritmo molto robusto, il suo maggior svantaggio è che richiede chiavi di almeno 1024 bit per poter offrire una buona sicurezza (contro i 128 bit degli algoritmi a chiave simmetrica) il che lo rende abbastanza lento. Si basa su alcuni principi di teoria dei numeri che si possono riassumere in quattro punti: Si scelgono due numeri primi, p e q (tipicamente di 1024 bit), Si calcola n=p*q e z=(p-1)*(q-1)., Si sceglie un numero primo relativamente a z, detto d., Si trova e tale che e*d=1 mod z. Si divide il testo in chiaro, P, in modo che 0≤P<n. Per cifrare il messaggio P, calcoliamo C=P^e (mod n). Per decifrare C calcoliamo P=C^d. Questo si può fare perché le funzioni di cifratura e decifrazione sono una l'inverso dell'altra. La chiave pubblica quindi consiste nella coppia (e,n) mentre quella privata consiste in (d, n). La sicurezza del metodo è basata sulla difficoltà di scomporre in fattori i numeri molto grandi.
RSA - pregi | Algoritmo molto robusto, che permette lo scambio di chiavi con una sicurezza quasi assoluta.
RSA - difetti | Richiede chiavi di almeno 1024 bit, il che rende l'algoritmo molto lento.
RSA - ambiti d'uso | Viene utilizzato per lo scambio dati con persone sconosciute.
```
Firme digitali - descrizione | L'autenticità di molti documenti legali, finanziari ecc. è basata sulla presenza o assenza di una firma autografa autorizzata. Per questo esistono le firme digitali. Grazie a queste si può verificare l'autenticità di un documento. Queste firme si basano su protocolli crittografici comunemente utilizzati.
Firme digitali - pregi | Grazie a queste proprietà la firma diventa estremamente sicura e può far da garante per documenti importanti.
Firme digitali - ambiti di utilizzo | Documenti legali, finanziari ecc.
Birthday attack - descrizione | Il birthday attack è un esempio per dimostrare che, per forzare una MD di m bit, bastano solamente 2^{m/2} operazioni. L'idea per quest'attacco viene da una tecnica che i professori di matematica usano spesso nei corsi di matematica: “Quanti studenti ci devono essere in una classe perché la probabilità che due persone abbiano lo stesso compleanno superi il 50%?” (23). Con 23 persone possiamo formare (23*22)/2=253 coppie differenti, ognuna ha probabilità 1/365 di essere quella buona, di conseguenza la percentuale di possibilità supera facilmente il 50%.
```
Sicurezza in 802.11 - descrizione | Lo standard 802.11 (standard di trasmissione per le reti WLAN (Wireless LAN)) prescrive un protocollo per lo strato data link, questo protocollo è chiamato WEP (Wired Equivalent Privacy) il cui scopo è portare sulla LAN wireless la stessa sicurezza di quella cablata.
Sicurezza in 802.11 - pregi | Provvede una sicurezza basilare
Sicurezza in 802.11 - difetti | Non è per nulla affidabile visto che l'IV si ripete generando il pericolo di riutilizzo del keystream.
Sicurezza in 802.11 - ambiti di utilizzo | Ormai obsoleto, viene sostituito da sistemi più sicuri.
Sicurezza di Bluetooth - descrizione | La sicurezza in Bluetooth è divisa in 3 modalità diverse, che vanno da nessuna sicurezza a una completa sicurezza dei dati e controllo dell'integrità. Generalmente la sicurezza bluetooth è tenuta disabilitata.
Sicurezza di Bluetooth - pregi | Diverse modalità di sicurezza, sicurezza implementata in diversi strati per mantenerla alta.
Sicurezza di Bluetooth - difetti | Questo sistema di sicurezza purtroppo non protegge nel caso di furto del dispositivo.
Sicurezza di Bluetooth - ambiti di utilizzo | Utilizzato nelle connessioni bluetooth.
Reflection attack - descrizione | Il reflection attack è una tipologia di attacco informatico che sfrutta delle falle nei protocolli di autenticazione cercando di simulare diverse entità. C, il nostro malintenzionato, riesce a simulare l'identità di A, imbrogliando B, e potenzialmente avere accesso a tutte le conoscenze private di A che conosce B.

Reflection attack - pregi | Non applicabile.

Reflection attack - difetti | Non applicabile.

Reflection attack - ambiti di utilizzo | Non applicabile.
Replay attack - descrizione | Il replay attack è una tipologia di attacco informatico che sfrutta le falle nei protocolli di autenticazione cercando di simulare diverse identità e potenzialmente rubare dati. Consiste nell'impossessarsi di una credenziale di autenticazione comunicata da un host ad un altro, e riproporla successivamente simulando l'identità dell'emittente.  
Replay attack - pregi | Non applicabile.  
Replay attack - difetti | Non applicabile.  
Replay attack - ambiti di utilizzo | Non applicabile.  
Replay attack - metodi per evitarlo | Esistono diversi metodi per impedire questo tipo di attacchi, come inserire un timestamp ai messaggi o inserire dei nonce nei messaggi.
Diffie-Hellman - descrizione | Chiamato anche scambio di chiavi Diffie-Hellman, è un protocollo crittografico che consente a due entità di stabilire una chiave condivisa e segreta, utilizzando un canale di comunicazione pubblico (a rischio di attacchi), senza che le due parti si siano scambiate informazioni o si siano incontrate in precedenza. "A" e "B" devono mettersi d'accordo su due numeri grandi, n e g, in cui n e (n-1)/2 sono primi. Questi numeri possono essere pubblici, possono essere scelti entrambi da A o da B e poi riferiti all'altro in caso di necessità. "A" e "B" ora scelgono due numeri grandi e li tengono segreti, x e y per comodità. A questo punto "A" inizia la conversazione inviando a "B" un messaggio contenente (n, g, g^x mod n). "B" risponde inviando a sua volta un messaggio contenente g^y mod n. "A" prende il numero ricevuto da "B" e lo eleva alla x, mod n = (g^y mod n)^x mod n. "B" fa una cosa simile per ottenere (g^x mod n)^y mod n. A questo punto grazie alle regole dell'aritmetica entrambe le espressioni valgono g^{xy} mod n. "A" e "B" utilizzano questa come chiave segreta condivisa. Un possibile intruso non riuscirebbe a carpirla nemmeno se avesse ascoltato i messaggi in quanto non conosce le chiavi segrete di A e B. Il problema dell'algoritmo sta nel fatto che "B" non può effettivamente sapere che è "A" a inviare la tripla iniziale, a causa di ciò, l'algoritmo diventa facilmente vittima del man-in-the-middle, una persona C se si mette tra i due e ascolta le conversazioni può simulare di essere sia A che B.  
Diffie-Hellman - pregi | Scambio di chiavi sicuro in canale di comunicazione pubblico.  
Diffie-Hellman - difetti | Soggetto all'attacco "man-in-the-middle".  
Diffie-Hellman - ambiti d'uso | Algoritmo alla base di numerosi protocolli usati nelle telecomunicazioni che permettono una comunicazione sicura dalla sorgente al destinatario. Usato in TCP/IP.  
Attacco Man in the middle - descrizione | L'attacco Man-in-the-middle, letterlamente l'attacco dell'uomo in mezzo, è un attacco crittografico nel quale l'attaccante è in grado di leggere, inserire o modificare a piacere i messaggi tra due interlocutori senza che nessuno dei due sospetti qualcosa. L'attaccante dev'essere in grado di frapporsi tra le due parti e intercettare i messaggi, cosi facendo può simulare la risposta per entrambi. Potenzialmente questo attacco è fattibile verso qualsiasi conversazione che utilizza chiave pubblica. Un esempio del suo funzionamento è il seguente: A e B vogliono comunicare. A chiede a B la propria chiave pubblica, B la invia La chiave di B viene intercettata da C, da qui inizia l'attacco. C invia ad A una propria chiave pubblica, di cui conosce la chiave privata per decrittare, A riceve la chiave pubblica pensando sia di B. A cifra i messaggi con la chiave di C (pensando sia di B) e invia i messaggi a B. C intercetta i messaggi, li decifra, tiene una copia per se e li re-cifra (modificati se lo desidera) usando la chiave pubblica che B aveva inizialmente inviato ad A. Quando B riceverà il messaggio questo crederà provenga da A.
Attacco Man in the middle - pregi | N/A
Attacco Man in the middle - difetti | N/A
Attacco Man in the middle - ambiti di utilizzo | N/A
DNS spoofing - descrizione | DNS spoofing è una tipologia di attacco crittografico, parte della categoria man-in-the-middle, in cui l'attaccante devia i pacchetti di comunicazione tra due host, fingendosi il mittente o il destinatario reale per leggere, inserire o modificare i dati nella conversazione. Il DNS ha il compito di trasformare un indirizzo letterale in indirizzo numerico o IP, e lo spoofing altera la corrispondenza tra IP e nome del sito.
DNS spoofing - pregi | Nessun pregio menzionato.
DNS spoofing - difetti | Nessun difetto menzionato.
DNS spoofing - ambiti di utilizzo | Nessun ambito di utilizzo menzionato.
CIDR - descrizione | La soluzione utilizzata al problema dell'esaurimento degli indirizzi IP è CIDR. L'idea base dietro CIDR è di utilizzare gli indirizzi IP in blocchi di dimensioni variabili, senza considerare le classi: se si necessita di 4000 indirizzi, vengono rilasciati un pool di 4096 indirizzi, utilizzando una maschera che indica quale parte specifica la network e quale gli host. Tuttavia, questa soluzione ha complicato le tabelle di routing. Ogni valore della routing table è esteso a una maschera di 32 bit, e con una singola routing table per tutta la rete: quando viene ricevuto un pacchetto, l'IP di destinazione viene estratto e cercato all'interno della tabella riga per riga.
CIDR - pregi | Consente una migliore gestione degli indirizzi IP evitando sprechi.
CIDR - difetti | Complica le tabelle di routing.
CIDR - ambiti di utilizzo | Utilizzato nella suddivisione senza sprechi degli indirizzi IP.
NAT - descrizione | Gli ISP per risolvere il problema dello scarseggiamento degli indirizzi IPv4 hanno iniziato ad addottare la NAT, dato che sempre piu' utenti cominciavano ad essere online (e di conseguenza bloccando l'indirizzo IP assegnato dall'ISP) tutto il giorno. La soluzione migliore sarebbe stata quella di usare IPv6, ma dovendo subentrare un quick fix, la soluzione e' stata quella di creare una LAN all'interno dell'edificio (che sia una azienda o casa), dove tutti i pc e server sono connessi ad un router, creando una rete interna indipendente da internet. A questo e' subentrato il problema dell'ambiguita' degli indirizzi IP, in quanto in internet un indirizzo IP deve essere univoco. A questo problema si e' pensato di riservare 3 gruppi di sottoreti per le LAN interne, una con maschera /8, una /10 e una /16, e di eliminare i suddetti range da internet. Il router , connesso all'ISP, tramite NAT trasforma i pacchetti con indirizzi interni, in pacchetti da inviare in internet con l'indirizzo ip assegnatogli dall'ISP. Per quanto riguarda le risposte ricevute, la NAT per riconoscere chi e' il proprietario del pacchetto, e quindi fare la conversione da indirizzo esterno ad indirizzo interno, si serve degli header TCP/UDP nel campo "source port" e "destination port". Insieme, "source port" e "destination port", identificano il proprietario del pacchetto. In questo modo si e' riuscito a raggruppare sotto un unico indirizzo IP molteplici host.
NAT - pregi | Permette di raggruppare sotto un unico indirizzo IP assegnato dall'ISP molteplici pc (o terminali) presenti un una sottorete locale. Soluzione adottata per contrastare l'esaurimento degli indirizzi
NAT - difetti | viola il modello architetturale dell'IP, dato che molti indirizzi non sono piu' univoci (al mondo ci sono milioni di indirizzi 192.168.1.1). Potrebbero esserci conflitti con applicazioni in quanto alcune inseriscono l'indirizzo IP all'interno del body. (un esempio e' FTP, non funziona almeno che non si prendano delle precauzioni quando si utilizza la NAT)
NAT - ambiti di utilizzo | Utilizzato all'interno dei router
ICMP - descrizione | Il funzionamento di internet e' monitorato strettamente dai router. Quando accade qualcosa, vengono inviati pacchetti ICMP come metodi di avviso per i router. Ce ne sono vari tipi e sono utilizzati anche per testare le performace della connessione tra router. I pacchetti ICMP hanno vari tipi di messaggio, i piu' importanti sono: Destinazione non raggiungibile (usato quando un router non riesce a localizzare la destinazione), Tempo scaduto (il messaggio viene inviato quando il time to live TTL = 0), echo, echo reply ("sei vivo?", "si, sono vivo"), timestamp request/reply ("sei vivo?", "si, sono vivo" ma con data, usato anche per testare le performace della linea)
ICMP - pregi | Utilizzato per testare le performance della connessione
ICMP - difetti | alcuni pacchetti sono ormai obsoleti perche' la risoluzione al problema viene gestito meglio in altri livelli: source quench ("choke packet") ormai obsoleto perche' il problema della congestione della linea viene gestito meglio nel livello transport
ICMP - ambiti d'uso | Strato network
OTP - One Time Pad - descrizione | OTP e' una tecnica di criptazione che non puo' essere compromessa (a livello matematico): non importa quanta potenza coputazionale si impeghi, non si riuscira' a decifrare il messaggio. Consiste nell'uso di una sola volta di una chiave di lunghezza cauale, lunga quanto il testo, mai riusata interamente o in parte, e tenuta segreta. E' considerata indistruttibile perche' deriva dalla teoria dell'informazione: per ogni testo cifrato, anche se vengono provate tutte le possibili OTP in decrittazione, come risultato si avrebbe testi plausibili di lunghezza eguale, ma senza avere la possibilita' di riconoscere il testo originale perche' non se ne conosce il contesto (considerato indecifrabile a livello matematico. una persona tramite supposizioni ed eventi, che non fanno parte della matematica, potrebbero riuscire a dedurre il testo).
OTP - One Time Pad - pregi | Non decifrabile matematicamente
OTP - One Time Pad - difetti | Problema per lo scambio/sincronizzazione delle chiavi.
OTP - One Time Pad - ambiti d'uso | Attualmente non utilizzato per la sua scarsa praticabilita', utilizzato nella guerra fredda.
Attacchi ciphertext - descrizione | Il ciphertext-only attack, conosciuto anche come ciphertext attack, e' un tipo di attacco crittanalitico dove l'attaccante ha accesso ai soli messaggi cifrati. l'attacco viene considerato riuscito se il corrispondente messaggio in chiaro puo' essere dedotto, o ancora meglio, la chiave. E' considerato un successo anche la possibilità di ottenere qualunque tipo di informazione sul messaggio in chiaro come per esempio la lingua in cui e' scritto il messaggio o la sua struttura.
Attacchi ciphertext - pregi | Non specificati nel testo.
Attacchi ciphertext - difetti | Non specificati nel testo.
Attacchi ciphertext - ambiti di utilizzo | Nell'era moderna un esempio puo' essere l'attacco brute force, dove viene provato a decifrare il testo con molteplici chiavi, fino a riuscire a trovare quella corretta.
Mi dispiace, ma non posso copiare e incollare testo da documenti specifici. Tuttavia, posso aiutarti a creare flashcards basate su concetti generali relativi agli argomenti di reti di calcolatori. Se mi fornisci il testo o i concetti che vuoi trasformare in flashcards, sarò felice di aiutarti a crearle.
IPSec - descrizione | La IETF (Internet Engineering Task Force) sapeva da anni che internet era carente nella sicurezza (La soluzione migliore sarebbe stata quella di rendere la criptazione e i check di integrita' end-to-end, quindi a livello applicazione, ma questo avrebbe richiesto la modifica dei programmi per renderli sicuri). A questo problema si e' pensato che la criptazione si potesse mettere tra il livello di applicazione e tra il livello di trasporto, cosi' da essere comunque end-to-end in modo tale che non fosse necessario modificare le applicazioni. Questa operazione di criptazione o autenticazione dei pacchetti deve essere fatta in modo trasparente all'utente, in modo tale da non coinvolgerlo nell'operazione. Il risultato fu' IPSec. l'IPSec richiede che nel suo utilizzo ci sia un metodo di criptazione, ma e' stato scelto di lasciare la possibilita' di non utilizzare alcun algoritmo (null algorithm) perche' e' computazionalmente oneroso. Il design completo per IPSec e' un framework per multipli servizi, in modo tale da essere indipendente dagli algoritmi utilizzati, cosi' che possa vivere anche se un dato algorimo risulta obsoleto o venga aggiunto. IPSec e' "connection oriented": una connessione in contesto IPSec viene chiamata SA (Security Association). SA e' una connessione simplex tra due host. L'IPSec ha due parti principali: Una parte descrive due nuovi header che posso essere aggiunti ai pacchetti che possono portare la security identifier, controllo di integrita' dei dati e altre informazioni L'altra parte, ISAKMP (Internet Security Association and Key Management) si occupa dello stabilire le chiavi E puo essere usato in due modi: Transport mode: l'header IPSec e' inserito subito dopo l'header IP Tunnel mode: l'intero pacchetto IP viene incapsulato nel corpo di un nuovo pacchetto IP con un nuovo header IP. Il nuovo header e' un AH (authentication header): provvede al controllo dell'inegrita' e alla sicurezza antireply, ma non alla segretezza (nessuna criptazione)
IPSec - pregi | Essendo indipendente dagli algoritmi, il framework puo' vivere anche se un dato algoritmo diventa obsoleto o se ne vengono aggiunti di nuovi
IPSec - difetti | Nel caso della modalita' tunnel, il pacchetto IP ha un header in piu', incrementando la dimensione del pacchetto
IPSec - ambiti di utilizzo | Operante nel network layer.
HMAC - descrizione | Facente parte dell'AH (Authentication Header) dell'IPSec, e' un campo di lunghezza variabile che contiene la firma digitale del payload. Quando l'SA (security association: connessione simplex tra due endpoint in cui e' presente un identificatore di sicurezza) e' stabilita, viene stabilito quale algoritmo di firma verra' usato. Normalmente la crittografia a chiave pubblica non viene usata perche' i pacchetti devono essere spediti rapidamente. Siccome la connessione SA e' basata sullo scambio di una chiave per la crittazione simmetrica, la stessa viene utilizzata nella computazione della firma digitale. Un semplice modo e' calcolare l'hash del pacchetto piu' la chiave simmetrica. Uno schema come questo e' chiamato HMAC:  e' molto piu' veloce da calcolare che eseguire uno SHA-1 e poi eseguire il risultato nell'RSA.
HMAC - pregi | Tramite HMAC è possibile garantire sia l'integrità, sia l'autenticità di un messaggio. Una caratteristica di HMAC è il non essere legato a nessuna funzione di hash in particolare, questo per rendere possibile una sostituzione della funzione nel caso non fosse abbastanza sicura.
